priority,experiment_id,mode,vu,batch_size,repeat,status
P0,E1-r1,direct,50,50,1,pending
P0,E1-r2,direct,50,50,2,pending
P0,E1-r3,direct,50,50,3,pending
P0,E1-r4,direct,50,50,4,pending
P0,E1-r5,direct,50,50,5,pending
P0,E2-r1,writeback,50,50,1,pending
P0,E2-r2,writeback,50,50,2,pending
P0,E2-r3,writeback,50,50,3,pending
P0,E2-r4,writeback,50,50,4,pending
P0,E2-r5,writeback,50,50,5,pending
P0,E3-r1,direct,100,50,1,pending
P0,E3-r2,direct,100,50,2,pending
P0,E3-r3,direct,100,50,3,pending
P0,E3-r4,direct,100,50,4,pending
P0,E3-r5,direct,100,50,5,pending
P0,E4-r1,writeback,100,50,1,pending
P0,E4-r2,writeback,100,50,2,pending
P0,E4-r3,writeback,100,50,3,pending
P0,E4-r4,writeback,100,50,4,pending
P0,E4-r5,writeback,100,50,5,pending
P1,B1-r1,writeback,100,10,1,pending
P1,B1-r2,writeback,100,10,2,pending
P1,B1-r3,writeback,100,10,3,pending
P1,B1-r4,writeback,100,10,4,pending
P1,B1-r5,writeback,100,10,5,pending
P1,B2-r1,writeback,100,25,1,pending
P1,B2-r2,writeback,100,25,2,pending
P1,B2-r3,writeback,100,25,3,pending
P1,B2-r4,writeback,100,25,4,pending
P1,B2-r5,writeback,100,25,5,pending
P1,B3-r1,writeback,100,50,1,pending
P1,B3-r2,writeback,100,50,2,pending
P1,B3-r3,writeback,100,50,3,pending
P1,B3-r4,writeback,100,50,4,pending
P1,B3-r5,writeback,100,50,5,pending
P1,B4-r1,writeback,100,100,1,pending
P1,B4-r2,writeback,100,100,2,pending
P1,B4-r3,writeback,100,100,3,pending
P1,B4-r4,writeback,100,100,4,pending
P1,B4-r5,writeback,100,100,5,pending
P1,B5-r1,writeback,100,200,1,pending
P1,B5-r2,writeback,100,200,2,pending
P1,B5-r3,writeback,100,200,3,pending
P1,B5-r4,writeback,100,200,4,pending
P1,B5-r5,writeback,100,200,5,pending
P2,C1-r1,writeback,200,10,1,pending
P2,C1-r2,writeback,200,10,2,pending
P2,C1-r3,writeback,200,10,3,pending
P2,C1-r4,writeback,200,10,4,pending
P2,C1-r5,writeback,200,10,5,pending
P2,C2-r1,writeback,200,25,1,pending
P2,C2-r2,writeback,200,25,2,pending
P2,C2-r3,writeback,200,25,3,pending
P2,C2-r4,writeback,200,25,4,pending
P2,C2-r5,writeback,200,25,5,pending
P2,C3-r1,writeback,200,50,1,pending
P2,C3-r2,writeback,200,50,2,pending
P2,C3-r3,writeback,200,50,3,pending
P2,C3-r4,writeback,200,50,4,pending
P2,C3-r5,writeback,200,50,5,pending
P2,C4-r1,writeback,200,100,1,pending
P2,C4-r2,writeback,200,100,2,pending
P2,C4-r3,writeback,200,100,3,pending
P2,C4-r4,writeback,200,100,4,pending
P2,C4-r5,writeback,200,100,5,pending
P2,C5-r1,writeback,200,200,1,pending
P2,C5-r2,writeback,200,200,2,pending
P2,C5-r3,writeback,200,200,3,pending
P2,C5-r4,writeback,200,200,4,pending
P2,C5-r5,writeback,200,200,5,pending
